INSERT INTO shopBranch (number, street, city, zipCode)
VALUES (1, 'Broadway', 'New York', '10001'),
       (2, 'Hollywood Boulevard', 'Los Angeles', '90028'),
       (3, 'Michigan Avenue', 'Chicago', '60611'),
       (4, 'Market Street', 'San Francisco', '94103'),
       (5, 'Bourbon Street', 'New Orleans', '70116'),
       (6, 'Rodeo Drive', 'Beverly Hills', '90210'),
       (7, 'Fifth Avenue', 'New York', '10022'),
       (8, 'Wacker Drive', 'Chicago', '60606'),
       (9, 'Sunset Boulevard', 'Los Angeles', '90046'),
       (10, 'Peachtree Street', 'Atlanta', '30309'),
       (11, 'South Street', 'Philadelphia', '19147'),
       (12, 'Union Street', 'San Francisco', '94123'),
       (13, 'Ocean Drive', 'Miami Beach', '33139'),
       (14, 'Las Vegas Boulevard', 'Las Vegas', '89109'),
       (15, 'Newbury Street', 'Boston', '02116');


INSERT INTO person (gender, pid, firstName, lastName)
VALUES (1, 1, 'John', 'Doe'),
       (2, 2, 'Jane', 'Doe'),
       (1, 3, 'Michael', 'Smith'),
       (2, 4, 'Emily', 'Johnson'),
       (1, 5, 'David', 'Lee'),
       (2, 6, 'Sarah', 'Taylor'),
       (1, 7, 'Christopher', 'Anderson'),
       (2, 8, 'Jessica', 'Davis'),
       (1, 9, 'Matthew', 'Brown'),
       (2, 10, 'Laura', 'Garcia'),
       (1, 11, 'Andrew', 'Martinez'),
       (2, 12, 'Megan', 'Rodriguez'),
       (1, 13, 'Daniel', 'Hernandez'),
       (2, 14, 'Olivia', 'Lopez'),
       (1, 15, 'Ryan', 'Gonzalez'),
       (1, 16, 'Tom', 'Jackson'),
       (2, 17, 'Sarah', 'Lee'),
       (1, 18, 'Robert', 'Williams'),
       (2, 19, 'Olivia', 'Davis'),
       (1, 20, 'Daniel', 'Anderson');


INSERT INTO employee (salary, license, position, person_id)
VALUES (5000, 'AB123456789', 'Manager', 1),
       (3000, 'CD987654321', 'Supervisor', 2),
       (4000, 'GH987654321', 'Marketing Specialist', 4),
       (2500, 'IJ123456789', 'Customer', 5),
       (3500, 'KL987654321', 'Software Engineer', 6),
       (4500, 'MN123456789', 'Financial Analyst', 7),
       (1750, 'AB987654321', 'Receptionist', 14),
       (2500, 'CD123456789', 'Accountant', 15);


INSERT INTO boss (employee_id, superior_id)
VALUES (2, NULL),
       (1, 2),
       (4, 2),
       (5, 2),
       (6, 1),
       (7, 6),
       (8, 6);

INSERT INTO client (person_id)
VALUES (3),
       (8),
       (9),
       (10),
       (11),
       (12),
       (13),
       (16),
       (17),
       (18),
       (19),
       (20);

INSERT INTO discounts (client_id, expiredDate, percent)
VALUES (3, '2023-05-31', 10),
       (8, '2023-06-30', 20),
       (9, '2023-07-31', 15),
       (10, '2023-08-31', 25),
       (11, '2023-09-30', 30),
       (12, '2023-10-31', 5),
       (2, '2023-11-30', 12),
       (4, '2023-05-01', 10),
       (7, '2023-06-01', 15),
       (6, '2023-07-01', 20),
       (2, '2023-08-01', 25),
       (8, '2023-09-01', 30),
       (4, '2023-10-01', 35),
       (2, '2023-11-01', 40),
       (12, '2023-12-01', 45);

INSERT INTO purchase (client_id, shopBranch_id, number, totalSum)
VALUES (1, 1, 1, 100.50),
       (2, 2, 2, 150.25),
       (3, 3, 3, 200.00),
       (4, 4, 4, 50.00),
       (5, 5, 5, 75.00),
       (6, 6, 6, 125.50),
       (7, 7, 7, 80.25),
       (8, 8, 8, 225.00),
       (9, 9, 9, 300.00),
       (10, 10, 10, 50.75),
       (11, 11, 11, 175.50),
       (12, 12, 12, 90.25),
       (1, 2, 13, 60.00),
       (2, 3, 14, 90.50),
       (3, 4, 15, 110.75),
       (4, 5, 16, 200.00),
       (5, 6, 17, 75.50),
       (6, 7, 18, 150.25),
       (7, 8, 19, 80.00),
       (8, 9, 20, 250.00),
       (9, 10, 21, 30.75),
       (10, 11, 22, 180.50),
       (11, 12, 23, 75.25),
       (1, 3, 24, 120.00),
       (2, 4, 25, 70.50),
       (3, 5, 26, 150.75),
       (4, 6, 27, 90.00),
       (5, 7, 28, 125.50),
       (6, 8, 29, 100.25),
       (7, 9, 30, 80.00),
       (8, 10, 31, 150.00),
       (9, 11, 32, 110.75),
       (10, 12, 33, 95.50),
       (1, 4, 34, 45.25),
       (2, 5, 35, 180.00),
       (3, 6, 36, 75.50),
       (4, 7, 37, 100.25),
       (5, 8, 38, 50.75),
       (6, 9, 39, 225.00),
       (7, 10, 40, 95.75),
       (8, 11, 41, 175.50),
       (9, 12, 42, 150.25),
       (1, 5, 43, 60.00),
       (2, 6, 44, 90.50),
       (3, 7, 45, 110.75),
       (4, 8, 46, 200.00),
       (5, 9, 47, 75.50),
       (6, 10, 48, 150.25),
       (7, 11, 49, 80.00),
       (8, 12, 50, 250.00);


INSERT INTO product (price, name, brand, size)
VALUES (10, 'Lipstick', 'Maybelline', 'Small'),
       (20, 'Eyeliner', 'L''Oreal', 'Large'),
       (15, 'Mascara', 'Covergirl', 'Medium'),
       (30, 'Foundation', 'Revlon', 'Large'),
       (25, 'Blush', 'NARS', 'Small');

INSERT INTO product (price, name, brand, size)
VALUES (18, 'Lip Balm', 'Burt''s Bees', 'Medium'),
       (12, 'Eyeshadow', 'NYX', 'Small'),
       (8, 'Nail Polish', 'Sally Hansen', 'Large'),
       (22, 'Face Wash', 'Neutrogena', 'Large'),
       (30, 'Moisturizer', 'Olay', 'Medium');


INSERT INTO images (product_id, image)
VALUES (1, 'https://example.com/images/1_1.jpg'),
       (1, 'https://example.com/images/1_2.jpg'),
       (1, 'https://example.com/images/1_3.jpg'),
       (2, 'https://example.com/images/2_1.jpg'),
       (2, 'https://example.com/images/2_2.jpg'),
       (2, 'https://example.com/images/2_3.jpg'),
       (3, 'https://example.com/images/3_1.jpg'),
       (3, 'https://example.com/images/3_2.jpg'),
       (3, 'https://example.com/images/3_3.jpg'),
       (4, 'https://example.com/images/4_1.jpg'),
       (4, 'https://example.com/images/4_2.jpg'),
       (4, 'https://example.com/images/4_3.jpg'),
       (5, 'https://example.com/images/5_1.jpg'),
       (5, 'https://example.com/images/5_2.jpg'),
       (5, 'https://example.com/images/5_3.jpg'),
       (6, 'https://example.com/images/6_1.jpg'),
       (6, 'https://example.com/images/6_2.jpg'),
       (6, 'https://example.com/images/6_3.jpg'),
       (7, 'https://example.com/images/7_1.jpg'),
       (7, 'https://example.com/images/7_2.jpg'),
       (7, 'https://example.com/images/7_3.jpg'),
       (8, 'https://example.com/images/8_1.jpg'),
       (8, 'https://example.com/images/8_2.jpg'),
       (8, 'https://example.com/images/8_3.jpg'),
       (9, 'https://example.com/images/9_1.jpg'),
       (9, 'https://example.com/images/9_2.jpg'),
       (9, 'https://example.com/images/9_3.jpg'),
       (10, 'https://example.com/images/10_1.jpg'),
       (10, 'https://example.com/images/10_2.jpg'),
       (10, 'https://example.com/images/10_3.jpg');

INSERT INTO "order" (purchase_id, product_id)
VALUES (26, 1),
       (26, 2),
       (26, 3),
       (26, 4),
       (26, 5),
       (27, 6),
       (27, 7),
       (27, 8),
       (27, 9),
       (27, 10),
       (28, 1),
       (28, 2),
       (28, 3),
       (28, 4),
       (28, 5),
       (29, 6),
       (29, 7),
       (29, 8),
       (29, 9),
       (29, 10);